Label,Sequence
0,MENKTPEKAEKEDSRSRIRIKIRAYDHKIIDQSAKTIIETALRTGASISGPTPLPTEIKKYTVNRSTFVHKDAREQYEMRTHKRLIDILEPTSKTIDALTNLNLPAGVDVEIKM
3,VLEPGAWLVRALYDYEGQSPEELSFPEGAIIRVLPRAEDEVDDGFWTGD
12,VVRALIARLKDENAGVRGAAARSLGHLGDPRAVLPLIDVLADSGPEVRSAAVEALADLADPRAIGPIAGMLKDPVADVKHNALGALSHFDQGVPTAPVVALLDDPDADVRHQAIDLLDHLHARSAAGAIARLIHDPSADVRRSVVAALGNLGAQSGAAAVTEALSDARADVRQTALEALN
15,GWDTADVLDGGKGNDYLSGYNGDDLLKGGEGNDSLYGGEGVDTLEGNAGNDYLSGEKGADILKGGEGNDELHGGEGSDILNGGAGDDRLYGGSSEADTYVFEKGHGKDVVSDSAYQAAHTDTLRFNGAKFAEAVFTRSGNNLVIKAYGGEDAVTVQGYFDSSSYRYYDFAFDDKTVTAKDMA
29,LHQVEITKAYFAKQADEITLQQADVVLIQQQEDGWFYGERLRDGEIGWFPEDYARA
17,APVNVSVTQLRAHSAMVTWNVPQGDTVIGYSISQQRQDGLMQRSIREVNTSSRWCVLWDLDEDTHYSVQVQSVGLHGDSQPSRAVHFRT
27,EVFQTPTVLRAFKGESATITSSYWYHHSRVESLFVSWWRDMQKKPVCGLHYMNKTFTPSPGCDGQMTVTLQSNAVVTNFTIHDLQLNDTDHYYYIIQFSVPPPTKNIHGNKTSLIVEAP
14,CEDFQWQCRSGSACIPTAWRCDGTKDCDDNSDE
49,VIDEVEIESPAYTSGLKKNDIILSINDKKIKSILDVSKLIMMSTEEFISFEVSRYDKKIFLKVKPKIV
21,KEEIDVLVKNLSSCHLDVQRKAVMKIRLLSKENPDNRITIASSGGIPPLVQLLSYPDSKIQEHTVTALLNLSIDEANKRLIVREGAIPPIIEVLQKGKIGARENSAACLFSLSMLDENKVTIASLNGIPPLVDLLQNGTIRGKKDAATALFNLSLNQGNRARAIKAGIVKPVLQLLTDKNLGMVDEALSILLLLASHPEGRNEVGQLSFIETLVEFIKVGTPKNKECAISVLLELG
25,QSTLTQPASVSGTLGQTVTISCTGTSNDIGRYNYVSWYQQYPGMAPKTLIYRVNTRPSGIPDRFSGSKSGNTASLTISGLRTEDEAEYYCASASSGGTYHSGLSSWGSKTKTCPVL
31,MVPYKLIYFQSRGNGEIARQVFVYSGEEFEDKRITKEEWASMKNDTPFGQVPVLEVDGKQLAQSISIVRFLAKRFGIAGKTSWEEAEIDSLSDQFKDYRMEARPFFRVKMGFVDGDIQKLHDEIFIPALNKMYSIFTKFLKKSGNGYLIGDELTWIDLAVAQHSADLLEADGSVLDEFPEMKEHQKRIHESLRIKKWIEERPKTSR
34,TVWEKTPIKLFCTVQGNPRPIVKWYKEGVPVDPLSTPGKYKIESKYGVHSLVISRCAVSDTAEYSAVATNSHGVATSKATVIV
39,AALTASTNKSIYVPGDELIVSGSADPGAVIVIKLENPNGETVVIDQLKASNDGSFTWSIRFPSQPTDTFPAGTYTILVKNADTGETQLLQVEL
48,MCGGLSTSQPATPEIQEIADKVKAQLEEKENKKFDVFKAVSFKKQVVAGLNYFIKVHVGDEKFTHLRVYESLPHENKPLTLSNYETDK
8,QIIFYEDRNFQGRYYETSSDCPELTSYLSRCHSCRVESGCFMVYDRPNYMGNQYFMRRGEYADYMSMMGMSDCIRSCRMIPMYRGSYRMRIYERENFGGQMYELMDDCDNIMDRYRMNDCMSCNVMDGHWLMYEQPHYRGKMMYLRPGEYRSFRDMGYSGMRWMSMRRIMD
42,DEPTYCLCEQVSYGEMIGCDNEECPIEWFHFSCVGLNHKPKGKWYCPKCRG
26,LPEQEIKTLEEDEEELFKMRAKLFRFASENDLPEWKERGTGDVKLLKHKEKGTIRLLMRRDKTLKICANHYITPLMELKPNAGSDRAWVWNTHADFADESPKPELLAIRFLNAENAQKFKAKFEECRNEV
16,PFLTNGGMELGSGEAPLGWAHDPRDADHQAYWTDDHPHSGSKCVTTVVRLGAAPSWIATRQIGIAAIPGARYRLRAWVRAENVQGNAGWYVHAGNEANPMMIAPVFSAGGGTYDWKEIQAEFSAPMQATTLSVGTVLWGTGQAWFDDVSL
10,PQLVAVSLGGTTRMIRRDDVRYVQAQGDYARLHTDESSYLVRIPLSDLER
22,ISACVEGHKEIANILIHYKANIETQDHDGWTPLNSACINGHVEIVKILMLNKADIETPTNDGCTPLNSSCIKGHLEIVKILIQNKANMEAPTKDGWTPIHSACTNGHTEIVNLLIQTKSNIETPNIDGWTPFNIACNNGQTEIVEILIQN
32,AIFIVRTLQDGVIVEDEIDAKDVADARAIRARDAVVLSVRGKRG
50,AAADEIKLAIFPSNDPAKLHAVMRVLGDYLAARTGDAVATVVTRDYAELQQRVRERSVDIAWVNTLNYVRLISDVPSARYLATYMERNETTGRITPYYQAYIVAPRSGGIADLDGIRGKRFAFTDRASTSGFAFPNHMLKSRGIDPERDFAHVVFLKRHDRVAEALLHGAVDAGAISDGTYFTTRRAHGDALRILAKSAPIPLDAIVASGSLDAAKAEAVKRALLEMPPDHPFCRAMREILGWNAADFAVRDDGFYDSVRAV
51,DIIMTQTPPVLSVGLGQTATLTCTASQSVGSALAWYQQREGQKPSLLIYAATSRDTGVSERFTGRGSGTGFTLTISNFQNEDVAEYYCQQYSSYP
24,LFAAFNDGVSLSMAGNHEAAIIAFDKVLAVDPKHVPALTAKGASLATLERFEAALRCFERAIEVDPSEAEAHRDAALCQLELGEPEAAAQLLQRAMQLN
52,SKILQFPRYVAKKRNSVVKLYCSSEYSGIMTWFRKQGNQELQELSEEEGHISKTWNGSLHTLTIRSIQYEDNGIYFCKQQCNSANLEIAWGCGSELKVL
53,NLDALPLPPGWEARLSRSKGKLYYCNPTLRITQWDHPS
20,GEVRLLVGDVSQYIDNRYWPELGEALDKLFPEFRRMEAFWTARGNDGAVGMVGDGIAALRELGQAGIAMEVGPAQAGLTNLRAVCGSCHE
41,TAKATSESTWQQDVINAEGPVLVDFWAAWCGPCRMVGPILDEIAAENGEKITVVKLNVDENPNLAMEYQITSIPAMKVFNKGKVEKTIIGAKPKFALEQDLADYLK
9,TDGKRDVEQIDSAQFEDMSWRAAVEMNRASNDAYYWVPVKVLRITSEVVAGIKYVLDVLIARSNCTKNSVSHNDIRTVGCKKTASYEQQVSVQLAYFLCYYMQITRFEIHQRGWENIEEITNIG
13,LGGCTGTPEKVTPVGSFELNRYLGTWYEIARLDHSFERGLNQISATYSLNDDGSVKVINRGWNEEAQQWQEAEGKAKFVESPDIAHLKVSFFGPFYGSYVVFDLKDDYSLALVSGYNTDYLWLLSRTPTIADNELQAAIKKAQAAGFDTSKLIFPLQK
46,SITTVSEVSVKTGKSISIPCLYESKYQNHVKYLCEGYTWGSCRYAVKTNKPDPSGKYSISDDKNQQIFTVTIKQLAYENTDYWCVVEINNGADHGKYFKLSVTG
4,TKINEFNYKIEQEINRLIDIFDIHEVDRIEAITRINIENCIHYLKEINSIYTNPKYTTYNNIFNIIETIKNDNRISSIANIIINLLN
47,WLYEGVSRQKAEELLLRPGNHSGSFLIRESQTRRGCYSLSLRRGDGSAWASVTHYRIHRLENGWLYISPGLTFPSLHNLVDHYSEFSEGLCCPLRQP
38,TLTESESVIKRPGESHRLTCTASGFTFSSYWMVWVRQAPGKGLEWIAYINSGGGSKYYSQSVQGRFTISRDNSKQQLYLQMNSLKTEDSAVYYCAR
19,AFVGKNRTDLPAPVDPSRWRVACTTCPVTVDYRPDRLNILFNPDTGVVQQVKCG
33,AVTLVETGGGLQTPGGSLTLRCKGSGFTFSSFYMEWVRQAPGKGLEFVAYINSGGSAYYASAVQGRFTISRDNSQSTATLQMNSLKGEDTATYYCAKPP
18,ASTVKPLSDRIFVKVNPCEETTAGGILLPETAKEKPQIGEVVQTGPGKRNDDGSRTEIEVKIGDKVLYSKYAGTEIKLSSDAYVLLTEKDILAVVY
44,SKSLKKIVEESREKNVPEVDMCDRGISNLLDIPGLFTLSHITQLVLSHNKLSTIPPNIADLKNLEVLNVFNNQIEELPTQLSSLQKLKHLNLGMNRLSSLPRGFGSLPALEVLDLTYNNLNESSLPGNFFYLTTLRALYLSDNDFEILPPDIGKLTKLQILSLRDNDLISLPKEIGDLAQLKELHIQGNRLT
40,RTHTCGELRIENSDQNVTLAGWVQKVRNLGAMTFIDIRDRYGITQLVVEEHSSDEVRATAAGLGREYVIQASGKVIPRAAKNPKIPTGKIEVAVDGLKVLNVS
37,VPNPPQNLRSVSVTAYTVTLAWNASPSNLNPEIYYTIDFWPVDNPALIYSQTTSRSEESVAIKKDLKPWRKYTFVVKAWNYRTASQPSNKLIVKT
45,GTAYAQDTIALAVSTLDNPFFVTLKDSAQKKADELGYKLVVLDSQNDPAKELANVEDLTVRGAKVLLINPTDSEAVSNAVAIANRNNIPVITLDRGSAKGKVVSHIASDNVAGGKTAGDFIAQKLGDGAKVIQLEGIAGTSAARERGEGFKQAVQLHKFDVLASQPADFDRTKGLNVTENLLASKAEVQAIFAQNDEMALGALRAIKAANKNVLVVGFDGTDDAIKAVKSRKLAATVAQQPDLIGSLGVITADKVL
1,ATTLTSSSLTSNSVIITWAPPSDSSQVSSYNVLWRVNGSSPVDGNLTVGNAVSTANITGLTQGTSY
28,RIYQPSSLLIVHLGDTATLQCFFSKEEKYISWFKQNFGQKPRIIAFTEKNSEPVFHNEFNTSKRFEIQKRNGSNHLMISKTEHSDSAVYYCGRMKDFIMLFGTGTFLSIKGSENQRSNNRTVVQQVVSDPMHPGDSHRDPEMLSYAALHFADTTAKRGGKKRELKDENRTWSDEIYQPSSFLAVHLGDTATLECFFSKDERYISWFKQTAAEKPHIIAFTEKYLEPVFYNEFNTSKRFKIQRRDRSNHLMISKTEHSDSAVYYCGRMKDFIMLFGTGTFLSIK
2,VPEVTVFSKSPMTLGHPNTLICLVDNIFPPVVNITWLSNGHSVTEGVSETSFLSKSDHSFFKISYLTFLPSADEIYDCKVEHWGLDEPLLKHWEPE
6,AEELREKYNTSAKKFYNIDYDSIDKSIKRLEEIPVFAQKALKDDDIDSYADLLYEGKTLLD
7,VSDAKAEAYQKLDSLSDLDTTDREEFKPRLDSATDKTTIDQVVAEAEARNQE
35,MKLEKRLQDYSEQSFLLLIQNIWNLESNRFEHNSLIAHFDQIIGHPAGSDLLFYSNADETGSINSPEHIVATIKSWHQQKGRAAFKGQ
11,MKQEFDALLEKLKTERDEMQLKMHLASMEVKEEFSEAEKQWEYVKQKASEIADDSVETTDDFIAAAKIVGEELKDAYQRIAKR
23,RPDCKGRCLLEGYSGGICDTKDICYCIQ
5,DDTLVRLAHSLAGAAGTFGFAEISVRASELETLLIEQADGGSVRAALDAL
36,QQPPKQTYSCKADCDCPSGMTCGADGTCK
43,TGGTDYAGQAMDALLTQANDLIGKVWPVVVAVVGAGLAIRIFKKFASKAV
30,RMKQLEDKVEELLSKNYHLENEVARLKKLVG
